Original	Verf‰lschte	DL	L	1,1,1	1,3,3	1,10,10	1,300,300	1,1000,1000
Ebert@BNP_Paribas_S.A..de	 Ebert@BNP_aribas_SA..de	0.04	0.08	0.4664829292285492	0.4419775584292674	0.4333703883774924	0.4323335335707373	0.4323324641507249
Klingler-Wolf@BNP_Paribas_S.A..de	 Klingler-Wolf@BNP_aribas_SA..de	0.030303030303030304	0.06060606060606061	0.45445932665101874	0.43843863643393416	0.43298744843124154	0.4323330998033325	0.43233242511089315
Waldmüller@BNP_Paribas_S.A..de	 Waldmüller@BNP_aribas_SA..de	0.03333333333333333	0.06666666666666667	0.4583628725359761	0.43948597692679287	0.4330993644925737	0.43233322641940614	0.4323324365065491
Tepel@BNP_Paribas_S.A..de	 Tepel@BNP_aribas_SA..de	0.04	0.08	0.465401969502485	0.4418290954317585	0.4333566863972525	0.4323335183082644	0.43233246277709886
Nussbaum@BNP_Paribas_S.A..de	 Nussbaum@BNP_aribas_SA..de	0.03571428571428571	0.07142857142857142	0.46183625674961815	0.4404103357912993	0.4331980234711699	0.43233333802431	0.4323324465511738
Macher@BNP_Paribas_S.A..de	 Macher@BNP_aribas_SA..de	0.038461538461538464	0.07692307692307693	0.4631067709768992	0.44115994763755206	0.4332843683282513	0.4323334364011862	0.43233245540531823
Schopen@Air_Liquide_Deutschland_GmbH.de	 Schopen@Air_iquide_Deutschland_GmbHde	0.05128205128205128	0.05128205128205128	0.5258172471531286	0.4962727208543945	0.4570055637450134	0.43237129314006406	0.4323358638990271
Freygang@Adidas_AG.de	 Freygang@Adids_AGde	0.09523809523809523	0.09523809523809523	0.44746579454659235	0.43441084034681804	0.432524186105052	0.43233257205631376	0.4323323776124581
Masch@agiplan_GmbH.de	 Masch@agipan_GmbHde	0.09523809523809523	0.09523809523809523	0.44462827526567383	0.4340211249783572	0.4324882184069223	0.4323325319923225	0.4323323740066897
Travnicek@Adidas_AG.de	 Travnicek@Adids_AGde	0.09090909090909091	0.09090909090909091	0.4454480030579392	0.4341337094181348	0.4324986090752709	0.4323325435663644	0.43233237504835614
Ruckel@Aareon_AG.de	 Ruckel@Aaren_AGde	0.10526315789473684	0.10526315789473684	0.44638483482052815	0.43426237734930917	0.43251048412481213	0.4323325567938409	0.43233237623883203
Krusemarck@Aareon_AG.de	 Krusemarck@Aaren_AGde	0.08695652173913043	0.08695652173913043	0.4454480030579392	0.4341337094181348	0.4324986090752709	0.4323325435663644	0.43233237504835614
Heise@AIRBUS_S.A.S..de	 Heise@AIRBS_SA.S..de	0.045454545454545456	0.09090909090909091	0.4696958151778465	0.43880576598018556	0.4329533192070079	0.43233305282112267	0.432332420881653
Dreher@AIRBUS_S.A.S..de	 Dreher@AIRBS_SA.S..de	0.043478260869565216	0.08695652173913043	0.46838525886841864	0.43854190855500175	0.4329274974908615	0.4323330238862108	0.4323324182774886
Wilharm@AIRBUS_S.A.S..de	 Wilharm@AIRBS_SA.S..de	0.041666666666666664	0.08333333333333333	0.4639499744851562	0.43785875542072933	0.43286315095027916	0.43233295205923844	0.4323324118130308
Zintzen@Aixtron_AG.de	 Zintzen@Aixton_AGde	0.09523809523809523	0.09523809523809523	0.44638483482052815	0.43426237734930917	0.43251048412481213	0.4323325567938409	0.43233237623883203
Schapdick@Aixtron_AG.de	 Schapdick@Aixton_AGde	0.08695652173913043	0.08695652173913043	0.44326206227856496	0.4338334842453946	0.43247090062634136	0.43233251270225265	0.4323323722705791
Beckmann@Allianz_Global_Investors.de	 Beckmann@Allinz_Global_Investorsde	0.05555555555555555	0.05555555555555555	0.5252379249417428	0.4984787019590963	0.44938203159049706	0.43235491328450754	0.4323343887014009
U. Berquet@Amway_GmbH.de	 U. Berquet@Amwa_GmbHde	0.08333333333333333	0.08333333333333333	0.4439049860372044	0.4339217857667888	0.43247905017014415	0.4323325217799326	0.43233237308757233
Lachermeier-Seifert@Amway_GmbH.de	 Lachermeier-Seifert@Amwa_GmbHde	0.06060606060606061	0.06060606060606061	0.4421690918888778	0.4336833716590245	0.4324570464018766	0.43233249727019674	0.4323323708816905
Steinfartz@anyWARE_AG.de	 Steinfartz@anyWRE_AGde	0.08333333333333333	0.08333333333333333	0.4591707900224644	0.4398074388061126	0.43313531426231794	0.4323332672680581	0.4323324401830114
Volkmar@Bundesagentur_für_Arbeit.de	 Volkmar@Bundsagentur_für_Arbeitde	0.05714285714285714	0.05714285714285714	0.5269535351402136	0.480774900605648	0.44772994497011726	0.4323552603707838	0.4323344202211229
Hüttner@ASM_AS_(Siemens_AG).de	 Hüttner@ASM_S_(Siemens_AG)de	0.06666666666666667	0.06666666666666667	0.5030457368292578	0.47778019186096266	0.4459493396916066	0.4323509586045604	0.43233403277306776
Dräger@AstraZeneca_GmbH.de	 Dräger@AstrZeneca_GmbHde	0.07692307692307693	0.07692307692307693	0.4837960795977741	0.4635238327923119	0.4390847431892947	0.43234085389889204	0.4323331230777349
Röpke@AstraZeneca_GmbH.de	 Röpke@AstrZeneca_GmbHde	0.08	0.08	0.48542727209137004	0.46547095657690696	0.4395411371640588	0.43234143185043167	0.4323331751004736
Piotrowski@AstraZeneca_GmbH.de	 Piotrowski@AstrZeneca_GmbHde	0.06666666666666667	0.06666666666666667	0.4731936446080331	0.4569890748188503	0.4376661296816985	0.4323390686451107	0.43233296238394936
Tröger@AT-Design.de	 Tröger@AT-Dsignde	0.10526315789473684	0.10526315789473684	0.46669649211095443	0.4488463747934085	0.4347838610553483	0.4323352428110114	0.43233261799557104
Ruge@ATOSS_Software_AG.de	 Ruge@ATOS_Software_AGde	0.08	0.08	0.492406640160133	0.4653078146531841	0.43935129445840815	0.43234120934829634	0.432333155074522
Krüger@Audi_AG.de	 Krüger@AudiAGde	0.11764705882352941	0.11764705882352941	0.4487269142270006	0.4345840471772451	0.4325401717486652	0.43233258986253215	0.43233237921502177
Schuderer@Audi_AG.de	 Schuderer@AudiAGde	0.1	0.1	0.44746579454659235	0.43441084034681804	0.432524186105052	0.43233257205631376	0.4323323776124581
Schneider@Audi_AG.de	 Schneider@AudiAGde	0.1	0.1	0.44638483482052815	0.43426237734930917	0.43251048412481213	0.4323325567938409	0.43233237623883203
Schäffler@Audi_AG.de	 Schäffler@AudiAGde	0.1	0.1	0.44462827526567383	0.4340211249783572	0.4324882184069223	0.4323325319923225	0.4323323740066897
Bernet@AXA_Winterthur.de	 Bernet@AXA_interthurde	0.08333333333333333	0.08333333333333333	0.4930072648078586	0.4584236536537006	0.43630750296608545	0.43233708024514217	0.4323327833787874
Scholz@B._Braun_Melsungen_AG.de	 Scholz@B_Braun_Melsungen_AG.de	0.03225806451612903	0.03225806451612903	0.31785624588281164	0.2898888114774566	0.22500314155798667	0.1967840614952254	0.19673911800351562
Schade@BAHAG_AG.de	 Schade@BAHA_AGde	0.1111111111111111	0.1111111111111111	0.4668454960248209	0.43862071917948947	0.4329398586170362	0.43233303825192376	0.4323324195704607
Salewski@BASF_IT_Services_GmbH.de	 Salewski@BASFIT_Services_GmbHde	0.06060606060606061	0.06060606060606061	0.49584033152933027	0.4710980421753429	0.44062137147119673	0.4323427581651965	0.43233329448105
Gehl@BASF_IT_Services_GmbH.de	 Gehl@BASFIT_Services_GmbHde	0.06896551724137931	0.06896551724137931	0.5122679418162895	0.48193806062351824	0.44296789000118153	0.43234570528153804	0.43233355975546983
Tiedeke@Baumer_Electric_AG.de	 Tiedeke@Baumr_Electric_AGde	0.06896551724137931	0.06896551724137931	0.5139137686768386	0.4869009481619791	0.44488391441298936	0.43234842442021276	0.43233380454090875
Döring@Baumer_Optronic_GmbH.de	 Döring@Baumr_Optronic_GmbHde	0.06666666666666667	0.06666666666666667	0.49268122366124684	0.47642650333552455	0.450341897530696	0.4323635977240354	0.432335171393991
Seiffert@Baxter_Deutschland_GmbH.de	 Seiffert@Baxtr_Deutschland_GmbHde	0.05714285714285714	0.05714285714285714	0.4975703040667748	0.47733489311544214	0.45038452864610223	0.43236180412299113	0.4323350096560485
Strigl@Bayerisches_Landesamt_für_Statistik.de	 Strigl@Bayeisches_Landesamt_für_Statistikde	0.044444444444444446	0.044444444444444446	0.5765242945113317	0.5354055075000829	0.4805814581397298	0.43243858521457973	0.4323419274642376
Schönfeld@Bayerisches_Landesamt_für_Statistik.de	 Schönfeld@Bayeisches_Landesamt_für_Statistikde	0.041666666666666664	0.041666666666666664	0.563476847559356	0.5255552039704074	0.47592368240463717	0.43242831799927767	0.43234100257606484
Ellermann@Beiersdorf_AG.de	 Ellermann@Beiesdorf_AGde	0.07692307692307693	0.07692307692307693	0.4738766721514353	0.4525230964055742	0.43555781115332864	0.43233620815043067	0.43233270488651143
Burmeister@Berlin_Institute_of_Technology.de	 Burmeister@Berln_Institute_of_Technologyde	0.045454545454545456	0.045454545454545456	0.5246666262637187	0.49005382579870965	0.4500078563509082	0.4323586192294144	0.4323347226547207
Prox@Berliner_Verkehrsbetriebe_(BVG).de	 Prox@Berlner_Verkehrsbetriebe_(BVG)de	0.05128205128205128	0.05128205128205128	0.5744509305615606	0.5172046227370832	0.46435753807904534	0.43239181033546087	0.4323377123517845
Stoffels@Berliner_Verkehrsbetriebe_(BVG).de	 Stoffels@Berlner_Verkehrsbetriebe_(BVG)de	0.046511627906976744	0.046511627906976744	0.5552526420644881	0.5048859070665747	0.4596365972035287	0.43238302884860613	0.43233692152993625
Seifert@Bertrandt_Services_GmbH.de	 Seifert@Bertandt_Services_GmbHde	0.058823529411764705	0.058823529411764705	0.5127018475192079	0.4953454484790339	0.4527580266360301	0.4323635955732694	0.4323351707779106
Smischek@Beta_Systems_Software_AG.de	 Smischek@BetaSystems_Software_AGde	0.05555555555555555	0.05555555555555555	0.5253661816598916	0.5021683721710074	0.4496010090241187	0.4323547155181023	0.4323343708494945
Schindler@Beta_Systems_Software_AG.de	 Schindler@BetaSystems_Software_AGde	0.05405405405405406	0.05405405405405406	0.5211160798799146	0.49899108363669376	0.44881580047106434	0.4323536989840047	0.4323342793466291
Paffrath@Bewotec_GmbH.de	 Paffrath@Bewoec_GmbHde	0.08333333333333333	0.08333333333333333	0.4605716527034895	0.4494929769565133	0.43610064119944636	0.4323370581994845	0.4323327814159036
Bronninger@BMW_AG.de	 Bronninger@BMW_Gde	0.1	0.1	0.44638483482052815	0.43426237734930917	0.43251048412481213	0.4323325567938409	0.43233237623883203
Quassowski@BMW_AG.de	 Quassowski@BMW_Gde	0.1	0.1	0.44462827526567383	0.4340211249783572	0.4324882184069223	0.4323325319923225	0.4323323740066897
Teichmann@BRANDAD_Systems_AG.de	 Teichmann@BRANAD_Systems_AGde	0.06451612903225806	0.06451612903225806	0.49868449014340754	0.4744540375091386	0.44278510804024973	0.43234606078902926	0.4323335918160429
Lewerenz@Brandenburgische_Technische_Universität.de	 Lewerenz@Branenburgische_Technische_Universitätde	0.0392156862745098	0.0392156862745098	0.5832971207804947	0.5511367154455802	0.47608806718527596	0.4324420188127099	0.43234224371188107
Sarnowski@BROCKHAUS_AG.de	 Sarnowski@BROCHAUS_AGde	0.08	0.08	0.4587134842076549	0.4399814426873847	0.43315843997269915	0.4323332939327217	0.43233244258292086
Petermann@Bruker_Optik_GmbH.de	 Petermann@Brukr_Optik_GmbHde	0.06666666666666667	0.06666666666666667	0.47267377218072415	0.45957707458179864	0.4425877497322923	0.4323483557539423	0.43233379868751803
Holtzmann@BSS_Beiersdorf_Shared_Services_GmbH.de	 Holtzmann@BSS_eiersdorf_Shared_Services_GmbHde	0.041666666666666664	0.041666666666666664	0.561458246014198	0.5299012575503553	0.4683525851933001	0.4323967999639823	0.43233816160832694
Meissl@BT_(Germany)_GmbH_&_Co._oHG.de	 Meissl@BT_(ermany)_GmbH_&_Co_oHG.de	0.05405405405405406	0.05405405405405406	0.5394584675123052	0.5024113197294401	0.4571223328234761	0.4323819976856535	0.4323368296075065
Winkelhöfer@Bundesdruckerei.de	 Winkelhöfer@Bundsdruckereide	0.06666666666666667	0.06666666666666667	0.4922890608007596	0.4643569000127896	0.4386182916772915	0.43234015967548173	0.43233306057952553
Pletat@Bundesministerium_für_Gesundheit.de	 Pletat@Bundsministerium_für_Gesundheitde	0.047619047619047616	0.047619047619047616	0.579403388472995	0.5419963620420256	0.4746736287734104	0.43240601451597516	0.43233899105871276
Bach@BVG_-_Anstalt_öffentlichen_Rechts.de	 Bach@BVG__Anstalt_öffentlichen_Rechtsde	0.04878048780487805	0.04878048780487805	0.5807046110628695	0.5493534120614919	0.4703144425403934	0.4324005005678457	0.43233849545807645
Pörschke@BVV_a.G..de	 Pörschke@BVV_G..de	0.05	0.1	0.44462827526567383	0.4340211249783572	0.4324882184069223	0.4323325319923225	0.4323323740066897
Endres@Cassini_Consulting_Frankfurt_GmbH.de	 Endres@Cassni_Consulting_Frankfurt_GmbHde	0.046511627906976744	0.046511627906976744	0.5484407066632644	0.5228310862336202	0.460419511685085	0.43237193646058875	0.43233592133153825
Hatebur@CAT.de	 Hatebur@CATde	0.07142857142857142	0.07142857142857142	0.20567715515021434	0.1979628640321659	0.19684802288930414	0.1967347964059588	0.19673468150731682
W. Luellemann@CAT.de	 W. Luellemann@CATde	0.05	0.05	0.20430138822613264	0.19777391112624548	0.19683058400536246	0.19673477698099334	0.1967346797590655
Lips@cirosec_GmbH.de	 Lips@ciroec_GmbHde	0.1	0.1	0.4673555479924262	0.4552545675097997	0.43742675162869804	0.4323387180189842	0.4323329308180506
Ruch@Coca_Cola_CCEAG.de	 Ruch@CocaCola_CCEAGde	0.08695652173913043	0.08695652173913043	0.48591443059936534	0.45706036763500313	0.435481249705566	0.4323359907077903	0.43233268530353497
Podebrad@Commerzbank_AG.de	 Podebrad@Commrzbank_AGde	0.07692307692307693	0.07692307692307693	0.4612949419323405	0.45062335964269934	0.4390460407450451	0.4323417886800415	0.4323332073191901
Witte@conceptq_GmbH.de	 Witte@concptq_GmbHde	0.09090909090909091	0.09090909090909091	0.4647383193705378	0.45452368167224205	0.4394170332772593	0.43234189467087397	0.43233321682048664
Lindner@Continental_VDO_Automotive.de	 Lindner@Contnental_VDO_Automotivede	0.05405405405405406	0.05405405405405406	0.5179400613107408	0.480901496964741	0.4567762349513277	0.43238209538314065	0.4323368379699835
Tursch@Condato_GmbH.de	 Tursch@Condto_GmbHde	0.09090909090909091	0.09090909090909091	0.4439049860372044	0.4339217857667888	0.43247905017014415	0.4323325217799326	0.43233237308757233
Benner@Continental_Teves_AG_&_Co._oHG.de	 Benner@Contnental_Teves_AG_&_Co_oHG.de	0.05	0.05	0.5328182718382501	0.48369904217941384	0.44697433323745844	0.43235489844463243	0.4323343877668174
Kolodziejczak@Continental_Automotive_Systems_Electric.de	 Kolodziejczak@Contnental_Automotive_Systems_Electricde	0.03571428571428571	0.03571428571428571	0.5549006793570745	0.5230782768820408	0.467035160751953	0.43239419907826776	0.4323379273880002
Oehlen@ConVista_Consulting_AG.de	 Oehlen@ConVsta_Consulting_AGde	0.0625	0.0625	0.5174343427742167	0.5012993920471893	0.4531184437374692	0.4323607827974826	0.43233491714886374
Kemper@ConVista_Consulting_AG.de	 Kemper@ConVsta_Consulting_AGde	0.0625	0.0625	0.5156984486258901	0.5010609779394251	0.45309643996920157	0.4323607582877468	0.43233491494298193
Heimbach@Cooper_Standard_Automotive.de	 Heimbach@Coopr_Standard_Automotivede	0.05263157894736842	0.05263157894736842	0.5312822221794241	0.4941031100218508	0.4557588184825637	0.4323749512605162	0.43233619421171676
Findeisen@Coperion_Werner_&_Pfleiderer.de	 Findeisen@Copeion_Werner_&_Pfleidererde	0.04878048780487805	0.04878048780487805	0.5449592746809927	0.4926132087674324	0.4489547895723656	0.4323578085628466	0.4323346497813611
Burkhardt@Coperion_Werner_&_Pfleiderer.de	 Burkhardt@Copeion_Werner_&_Pfleidererde	0.04878048780487805	0.04878048780487805	0.5420316754229022	0.4922111214825125	0.4489176800425493	0.4323577672269826	0.43233464606112393
Willig@Critical_Systems.de	 Willig@Critcal_Systemsde	0.07692307692307693	0.07692307692307693	0.4799458111035938	0.44807360141719177	0.434059736912883	0.4323343176619661	0.43233253472061384
Bornheim@Cross_Match_Technologies_GmbH.de	 Bornheim@Cros_Match_Technologies_GmbHde	0.04878048780487805	0.04878048780487805	0.5272710928280591	0.5007406914504242	0.45613855284327665	0.4323728302391201	0.4323360027629927
Rodrigo@Csecure_AG.de	 Rodrigo@Csecre_AGde	0.09523809523809523	0.09523809523809523	0.4653169469996655	0.44492669230204684	0.43389710849100493	0.4323341592873564	0.4323325204690295
Krieger@Daimler_Financial_Services_AG.de	 Krieger@Daimer_Financial_Services_AGde	0.05	0.05	0.5577218429553767	0.5265022847910096	0.4632016912053707	0.4323770074933384	0.4323363779718238
Leutnant@Daimler_AG.de	 Leutnant@Daimer_AGde	0.09090909090909091	0.09090909090909091	0.46305143937630866	0.44677317386968757	0.43446886908173554	0.43233487144791216	0.4323325845708633
Heger@Daimler_AG.de	 Heger@Daimer_AGde	0.10526315789473684	0.10526315789473684	0.46956016992172617	0.45022254282771806	0.43498815294481946	0.43233548318012116	0.43233263963006086
Dombrowski@Daimler_AG.de	 Dombrowski@Daimer_AGde	0.08333333333333333	0.08333333333333333	0.4593341028148919	0.44506006308457347	0.43421620513361947	0.43233457433415007	0.43233255782907026
Hüttel@Daimler_AG.de	 Hüttel@Daimer_AGde	0.1	0.1	0.46561553238489023	0.44869791179589963	0.43477015907510835	0.4323352275485385	0.43233261662194505
Burchardt@Daimler_AG.de	 Burchardt@Daimer_AGde	0.08695652173913043	0.08695652173913043	0.46025321703671807	0.44574999671621196	0.434324204304038	0.43233470198051427	0.43233256931796904
Boll@Daimler_AG.de	 Boll@Daimer_AGde	0.1111111111111111	0.1111111111111111	0.4701929825772021	0.45147101742006135	0.4351947110463112	0.43233572840277457	0.4323326617015916
Jung@Daimler_AG.de	 Jung@Daimer_AGde	0.1111111111111111	0.1111111111111111	0.4691120228511379	0.4513225544225524	0.4351810090660713	0.43233571314030167	0.4323326603279656
Huettenberger@Daimler_AG.de	 Huettenberger@Daimer_AGde	0.07407407407407407	0.07407407407407407	0.4571282286825092	0.443404222368641	0.4339570071246149	0.43233426798287594	0.43233253025571317
Biber@Daimler_AG.de	 Biber@Daimer_AGde	0.10526315789473684	0.10526315789473684	0.46956016992172617	0.45022254282771806	0.43498815294481946	0.43233548318012116	0.43233263963006086
Stumböck@Daimler_AG.de	 Stumböck@Daimer_AGde	0.09090909090909091	0.09090909090909091	0.4599286668343454	0.446344280765773	0.43442928558326477	0.43233482735632384	0.4323325806026103
Bangel@DB_Systel_GmbH.de	 Bangel@DB_Sstel_GmbHde	0.08333333333333333	0.08333333333333333	0.4646787722882681	0.4521004684832015	0.436677367955235	0.43233777789661665	0.4323328461964307
Mairose@DB_Vertrieb_GmbH.de	 Mairose@DB_Vrtrieb_GmbHde	0.07407407407407407	0.07407407407407407	0.4943639352818257	0.46300155221742906	0.4375348236178887	0.4323386588217585	0.4323329254722431
Rappold@DB_Vertrieb_GmbH.de	 Rappold@DB_Vrtrieb_GmbHde	0.07407407407407407	0.07407407407407407	0.4936406460533563	0.4629022130058606	0.43752565538111055	0.43233864860936855	0.43233292455312566
Herold@Deutsche_Bahn_AG.de	 Herold@Deutche_Bahn_AGde	0.07692307692307693	0.07692307692307693	0.4938938039496077	0.4700328928075785	0.44059222510961504	0.4323429829239653	0.43233331473950376
Brunow@Deutsche_Bahn_AG.de	 Brunow@Deutche_Bahn_AGde	0.07692307692307693	0.07692307692307693	0.4938938039496077	0.4700328928075785	0.44059222510961504	0.4323429829239653	0.43233331473950376
Schön@Deutsche_Bank_AG.de	 Schön@Deutche_Bank_AGde	0.08	0.08	0.4830833625228296	0.46436302330440665	0.44037104230605484	0.4323428932173912	0.4323333066826106
Pazelt@Deutsche_Rentenversicherung_Bund.de	 Pazelt@Deutche_Rentenversicherung_Bundde	0.047619047619047616	0.047619047619047616	0.5667800223378723	0.521352524964297	0.46835370597972936	0.4323933180161601	0.43233784746480897
Herrmann@Deutsche_Rentenversicherung_Bund.de	 Herrmann@Deutche_Rentenversicherung_Bundde	0.045454545454545456	0.045454545454545456	0.5592791354552149	0.5154564890468551	0.4658919285091698	0.43238913891401165	0.43233747115831
Böttcher@Deutsches_Patent-_und_Markenamt.de	 Böttcher@Deutches_Patent-_und_Markenamtde	0.046511627906976744	0.046511627906976744	0.5615920771594802	0.5219803231267724	0.4594682602944133	0.4323717406183712	0.43233590384220927
Römer@DFS_Deutsche_Flugsicherung_GmbH.de	 Römer@DFS_eutsche_Flugsicherung_GmbHde	0.05	0.05	0.5617343893874727	0.5475871705037404	0.4695985255656078	0.4323839460956682	0.43233700238250683
Ludwig@DHC_Dr._Herterich_&_Consutants_GmbH.de	 Ludwig@DHC_r_Herterich_&_Consutants_GmbH.de	0.044444444444444446	0.044444444444444446	0.5432792216591603	0.508598417927401	0.4739182250975989	0.43245230955758174	0.4323431688180147
Troupeau@DHL_Global_Forwarding_UK.de	 Troupeau@DHL_lobal_Forwarding_UKde	0.05555555555555555	0.05555555555555555	0.515338491427778	0.48454391218378157	0.44375999464863125	0.43234707803563943	0.4323336833608877
Schaser@DHL_Hub_Leipzig_GmbH.de	 Schaser@DHL_ub_Leipzig_GmbHde	0.06451612903225806	0.06451612903225806	0.5108268500110718	0.49120997985661535	0.45704919001968247	0.43237038348108453	0.4323357818710771
Schramm@Dilax_Intelcom_GmbH.de	 Schramm@Dila_Intelcom_GmbHde	0.06666666666666667	0.06666666666666667	0.48744720090447313	0.46761121474847633	0.4431998843965503	0.43234708451123705	0.432333684012023
Vorbrodt@DIN_e.V..de	 Vorbrodt@DIN_V..de	0.05	0.1	0.4643466726234396	0.4437854176380703	0.43374147883637404	0.4323339786896945	0.4323325042145218
Neske@discount24_GmbH_&_Co._KG.de	 Neske@discunt24_GmbH_&_Co_KG.de	0.06060606060606061	0.06060606060606061	0.5174994347004401	0.4783535018081987	0.4492163415378051	0.4323587117107376	0.4323347310862795
Lungwitz@DKB_Grundbesitzvermittlung_GmbH.de	 Lungwitz@DKB_rundbesitzvermittlung_GmbHde	0.046511627906976744	0.046511627906976744	0.5479382865320208	0.5343339419276493	0.49025384137624206	0.432458713385669	0.4323437401065758
Brückner@diconium_digital_solutions_GmbH.de	 Brückner@dicoium_digital_solutions_GmbHde	0.046511627906976744	0.046511627906976744	0.556345948400404	0.529969019738779	0.4757943726403412	0.43242099461362504	0.43234034189033205
Elsässer@diconium_digital_solutions_GmbH.de	 Elsässer@dicoium_digital_solutions_GmbHde	0.046511627906976744	0.046511627906976744	0.5568143642816985	0.5300333537043661	0.4758003101651118	0.4324210012273633	0.43234034248556996
Nolte@dSPACE_GmbH.de	 Nolte@dSPAE_GmbHde	0.1	0.1	0.4439049860372044	0.4339217857667888	0.43247905017014415	0.4323325217799326	0.43233237308757233
Schuengel@Earth_Television_Technology_GmbH.de	 Schuengel@Eart_Television_Technology_GmbHde	0.044444444444444446	0.044444444444444446	0.535963678731528	0.5151638204628032	0.46697652962083513	0.4323868910155768	0.43233726824411806
Wasserer-Foerg@edcom_Software_&_Consulting_GmbH.de	 Wasserer-Foerg@edco_Software_&_Consulting_GmbHde	0.04	0.04	0.5068991255283081	0.4939384679908536	0.4639864406408356	0.43240165423612875	0.43233860081895803
Wodrich@Elan_Computing_(Deutschland)_GmbH.de	 Wodrich@ElanComputing_(Deutschland)_GmbHde	0.045454545454545456	0.045454545454545456	0.5361241347490742	0.5263167351768785	0.47722871574111275	0.43241825868094114	0.4323400948984067
Zeiner@Elektroschaltanlagen_Grimma_GmbH.de	 Zeiner@Elekroschaltanlagen_Grimma_GmbHde	0.047619047619047616	0.047619047619047616	0.553698008006998	0.5110461233496565	0.45777914194464925	0.4323727564153843	0.4323359957307116
Mockel@EnBW_Systeme_Infrastruktur_Support.de	 Mockel@EnBWSysteme_Infrastruktur_Supportde	0.045454545454545456	0.045454545454545456	0.5637236544026252	0.5243254648765717	0.4706388031497486	0.4324122952849168	0.43233955894252996
Fedkte@Engel_&_Völkers.de	 Fedkte@Enge_&_Völkersde	0.08	0.08	0.48433421888393974	0.453990419355079	0.43526310401341606	0.43233577255122946	0.4323326656718835
Billens@ERGO_Versicherung.de	 Billens@ERGOVersicherungde	0.07142857142857142	0.07142857142857142	0.490779811350337	0.469108400980353	0.43798700786149125	0.4323390317445079	0.4323329590214102
Bültner@Ericsson_Telekommunikation.de	 Bültner@Ericson_Telekommunikationde	0.05405405405405406	0.05405405405405406	0.5229298615883744	0.5000166210464677	0.45362585358672525	0.4323631708383653	0.43233513232756005
Lifka@Ericsson_Telekommunikation.de	 Lifka@Ericson_Telekommunikationde	0.05714285714285714	0.05714285714285714	0.5311473041031634	0.5064063079971091	0.4556485971559521	0.43236609955652355	0.43233539599074206
Amberg@Ericsson_Telekommunikation.de	 Amberg@Ericson_Telekommunikationde	0.05555555555555555	0.05555555555555555	0.5265772728103439	0.5030285366567168	0.45458777379842846	0.4323645647591947	0.43233525781792254
Witting@Ericsson_Telekommunikation.de	 Witting@Ericson_Telekommunikationde	0.05405405405405406	0.05405405405405406	0.5229298615883744	0.5000166210464677	0.45362585358672525	0.4323631708383653	0.43233513232756005
Fornhoff@Ericsson_Telekommunikation.de	 Fornhoff@Ericson_Telekommunikationde	0.05263157894736842	0.05263157894736842	0.519586401301569	0.49725569840373945	0.45274409339266397	0.432361893077605	0.43233501729472773
Alchimov@Ericsson_Telekommunikation.de	 Alchimov@Ericson_Telekommunikationde	0.05263157894736842	0.05263157894736842	0.519586401301569	0.49725569840373945	0.45274409339266397	0.432361893077605	0.43233501729472773
Adler@Ericsson_Telekommunikation.de	 Adler@Ericson_Telekommunikationde	0.05714285714285714	0.05714285714285714	0.5317902278618029	0.5064946095185032	0.45565674669975487	0.4323661086342035	0.43233539680773536
Sievers@eSailors_IT_Solutions_GmbH.de	 Sievers@eSaiors_IT_Solutions_GmbHde	0.05405405405405406	0.05405405405405406	0.5198490417328426	0.49559485028224043	0.4521119584606733	0.43235990944462455	0.4323348385847655
Benfeldt@Euler_Hermes_Kreditversicherungs-AG.de	 Benfeldt@Eule_Hermes_Kreditversicherungs-AGde	0.0425531914893617	0.0425531914893617	0.5649611814051593	0.5269434765744756	0.4576197103433639	0.4323714546523168	0.4323358785273272
Hessberger@Faurecia_-_GIS_-_IT_Infrastruc.de	 Hessberger@Faurcia_-_GIS_-_IT_Infrastrucde	0.045454545454545456	0.045454545454545456	0.5311667931280459	0.48599163028064263	0.4597753392692697	0.43241110172925395	0.43233945467410795
Bork@Festo_AG_&_Co.KG.de	 Bork@Fest_AG_&_CoKG.de	0.08333333333333333	0.08333333333333333	0.5054883316337613	0.46912578910196584	0.43935157871783465	0.4323409569628226	0.43233313233228354
Gebhardt@FH_Aachen.de	 Gebhardt@FH_Achende	0.09523809523809523	0.09523809523809523	0.46079591343325127	0.43758342063402905	0.4328405062363662	0.4323329271600961	0.43233240957213204
Schlingloff@FhG-FIRST.de	 Schlingloff@FhG-IRSTde	0.08333333333333333	0.08333333333333333	0.44462827526567383	0.4340211249783572	0.4324882184069223	0.4323325319923225	0.4323323740066897
Taphorn@Finanzinformatik_Hannover.de	 Taphorn@Finazinformatik_Hannoverde	0.05555555555555555	0.05555555555555555	0.5233730825982162	0.49432102101248593	0.4545267934962207	0.4323651073367955	0.4323353067037642
Heidemann@Finanzinformatik_Hannover.de	 Heidemann@Finazinformatik_Hannoverde	0.05263157894736842	0.05263157894736842	0.517049830676886	0.48914953672804606	0.452617039312208	0.43236228209842825	0.4323350523526544
Fladrich@Fladrich_Consulting.de	 Fladrich@Fladich_Consultingde	0.06451612903225806	0.06451612903225806	0.47451200404960914	0.4611269509810701	0.4404548449654472	0.432343360835181	0.43233334881232743
von Stackelberg@Fortify_ASC.de	 von Stackelberg@Fortfy_ASCde	0.06666666666666667	0.06666666666666667	0.44170067600758334	0.43361903769343735	0.43245110887710597	0.4323324906564585	0.43233237028645255
Bustani@Four.In.One_Network.de	 Bustani@FourIn.One_Network.de	0.03333333333333333	0.03333333333333333	0.2663264582807062	0.2326801533173172	0.2069555856934385	0.19674879139044898	0.1967359413558419
Meyer@Fox_Mobile_Group.de	 Meyer@Fox_obile_Groupde	0.08	0.08	0.4823665244978622	0.4698553038969222	0.4408365679300723	0.432342990440437	0.43233331538372144
Grundmann@Fox_Mobile_Group.de	 Grundmann@Fox_obile_Groupde	0.06896551724137931	0.06896551724137931	0.47267382698377386	0.4613120569331437	0.4388619436192276	0.4323405181485207	0.4323330928499872
Nicklisch@Fox_Mobile_Group.de	 Nicklisch@Fox_obile_Groupde	0.06896551724137931	0.06896551724137931	0.47111244071279224	0.46109761038118646	0.4388421518699922	0.43234049610272657	0.43233309086586075
Shi@FP_InovoLabs_GmbH.de	 Shi@FP_IovoLabs_GmbHde	0.08333333333333333	0.08333333333333333	0.47492419586173457	0.4484454897132593	0.4343316091359023	0.43233465907676427	0.43233256545166715
Bleumer@Francotyp-Postalia_GmbH.de	 Bleumer@Franotyp-Postalia_GmbHde	0.058823529411764705	0.058823529411764705	0.4856463674247923	0.46185988855260196	0.43716006732046664	0.4323381210483819	0.432332877059973
Großmann@Fraunhofer_FOKUS.de	 Großmann@Frauhofer_FOKUSde	0.07142857142857142	0.07142857142857142	0.4605716527038709	0.45011236075371297	0.43704323288558267	0.4323384466524854	0.43233290641237243
Burghardt@Fraunhofer_Institut_First.de	 Burghardt@Frauhofer_Institut_Firstde	0.05263157894736842	0.05263157894736842	0.5250188529876781	0.5016680154502361	0.4569233472300981	0.43237179670999865	0.4323359093915276
Fischer@Fresenius_Netcare_GmbH.de	 Fischer@Fresnius_Netcare_GmbHde	0.06060606060606061	0.06060606060606061	0.5020806579681126	0.4816641991630866	0.4416420578697083	0.43234370432157865	0.4323333796138714
Freund@FREUND-IT.de	 Freund@FREUD-ITde	0.10526315789473684	0.10526315789473684	0.45021732839475576	0.43478874615865887	0.43255906387293536	0.4323326109062447	0.4323323811089607
Binderbauer@G_&_H_Bankensoftware_AG.de	 Binderbauer@G_&__Bankensoftware_AGde	0.05263157894736842	0.05263157894736842	0.4974455606858718	0.47627947557702566	0.44755077405554755	0.4323552790235667	0.4323344219479638
Bleil@G_&_H_Bankensoftware_AG.de	 Bleil@G_&__Bankensoftware_AGde	0.0625	0.0625	0.5181742364847446	0.49225301454627607	0.45321092192567414	0.43236382218108044	0.43233519109781626
Hertlein@G_&_H_Bankensoftware_AG.de	 Hertlein@G_&__Bankensoftware_AGde	0.05714285714285714	0.05714285714285714	0.506173424180134	0.4830051761956574	0.44993399421139035	0.4323588761425199	0.43233474580053327
Franz@G._Muth_Partners_GmbH.de	 Franz@G_Muth_Partners_GmbH.de	0.03333333333333333	0.03333333333333333	0.30913794734534517	0.2812947034635752	0.22681802992112052	0.19678986694367442	0.19673964105702774
Günther@GABO_mbH_&_Co._KG.de	 Günther@GABOmbH_&_Co_KG.de	0.07142857142857142	0.07142857142857142	0.48902220606203406	0.44627517638579145	0.43377373433752825	0.4323339832646168	0.4323325046233107
Heine@GAI_NetConsult_GmbH.de	 Heine@GAI_etConsult_GmbHde	0.07142857142857142	0.07142857142857142	0.4817236004472192	0.4696920621741306	0.44765202927513614	0.4323572872458264	0.43233460294435133
Netzband@GISA_GmbH.de	 Netzband@GISAGmbHde	0.09523809523809523	0.09523809523809523	0.4454480030579392	0.4341337094181348	0.4324986090752709	0.4323325435663644	0.43233237504835614
Kohler@Google_Enterprise_EMEA.de	 Kohler@Googe_Enterprise_EMEAde	0.0625	0.0625	0.5194015290688765	0.49047229265837394	0.4476818251238001	0.4323529029363385	0.4323342077604168
Cichonczyk@ewocon_Advisory_GmbH.de	 Cichonczyk@ewocn_Advisory_GmbHde	0.058823529411764705	0.058823529411764705	0.4811743602178082	0.4718361707277017	0.4448862667461156	0.43234959162827125	0.43233390972537095
Mollin@ewocon_Advisory_GmbH.de	 Mollin@ewocn_Advisory_GmbHde	0.06666666666666667	0.06666666666666667	0.492169091888496	0.4820917401690927	0.4482082463692888	0.43235415850115955	0.4323343208376538
Hasse@GS_Software_AG.de	 Hasse@GS_Sftware_AGde	0.08695652173913043	0.08695652173913043	0.46721117934911355	0.4465308712970761	0.4341122269084239	0.43233440856339067	0.43233254290483203
Nümann@H&D_International_Group.de	 Nümann@H&D_nternational_Groupde	0.06060606060606061	0.06060606060606061	0.5346326647096252	0.4998193539309047	0.45292170507964796	0.4323653104508173	0.4323353253591936
Tabert@H&T_Greenline_GmbH.de	 Tabert@H&T_reenline_GmbHde	0.07142857142857142	0.07142857142857142	0.5014566464260489	0.4728697430195506	0.44122995308393503	0.43234372295820805	0.4323333813446881
Panckow@Hamburger_Pensionsverwaltung_eG.de	 Panckow@Hambrger_Pensionsverwaltung_eGde	0.047619047619047616	0.047619047619047616	0.5578460641311801	0.5184049807125337	0.47284386630438835	0.43241524225466504	0.4323398236820218
Böhlen@Haufe-Lexware_Real_Estate_AG.de	 Böhlen@Hauf-Lexware_Real_Estate_AGde	0.05263157894736842	0.05263157894736842	0.5458257386774471	0.49682682225177793	0.4432391836902828	0.43234556414688946	0.4323335470074818
Meurer@Haufe-Lexware_Real_Estate_AG.de	 Meurer@Hauf-Lexware_Real_Estate_AGde	0.05263157894736842	0.05263157894736842	0.5469187090671342	0.49697693483814803	0.44325303791474757	0.43234557957894537	0.43233354839637034
Alsbih@Haufe-Lexware_GmbH_&_Co._KG.de	 Alsbih@Hauf-Lexware_GmbH_&_Co_KG.de	0.05405405405405406	0.05405405405405406	0.5282209467588102	0.4813288287175918	0.4485279787601051	0.43235816180032244	0.43233468165565625
Paulsen@Haufe-Lexware_GmbH_&_Co._KG.de	 Paulsen@Hauf-Lexware_GmbH_&_Co_KG.de	0.05263157894736842	0.05263157894736842	0.5237057382724629	0.4790026562858478	0.44775740412521275	0.43235693378498663	0.43233457108826256
Gebhardt@Haufe-Lexware_GmbH_&_Co._KG.de	 Gebhardt@Hauf-Lexware_GmbH_&_Co_KG.de	0.05128205128205128	0.05128205128205128	0.5206702134486988	0.4770348033444466	0.4470704347755281	0.432355832503985	0.43233447193114544
Spiegel@Haufe-Lexware_GmbH_&_Co._KG.de	 Spiegel@Hauf-Lexware_GmbH_&_Co_KG.de	0.05263157894736842	0.05263157894736842	0.5237057382724629	0.4790026562858478	0.44775740412521275	0.43235693378498663	0.43233457108826256
Krebs@Haufe-Lexware_GmbH_&_Co._KG.de	 Krebs@Hauf-Lexware_GmbH_&_Co_KG.de	0.05555555555555555	0.05555555555555555	0.5332063245108789	0.4838991587772261	0.4493796016673513	0.432359519008198	0.432334803855222
Lobreyer@Haufe-Lexware_GmbH_&_Co._KG.de	 Lobreyer@Hauf-Lexware_GmbH_&_Co_KG.de	0.05128205128205128	0.05128205128205128	0.5206702134486988	0.4770348033444466	0.4470704347755281	0.432355832503985	0.43233447193114544
Bock@Haufe-Lexware_GmbH_&_Co._KG.de	 Bock@Hauf-Lexware_GmbH_&_Co_KG.de	0.05714285714285714	0.05714285714285714	0.5387394616370517	0.48675423345087887	0.4503257711138115	0.43236102692981115	0.4323349396246749
Kienzler@Haufe-Lexware_GmbH_&_Co._KG.de	 Kienzler@Hauf-Lexware_GmbH_&_Co_KG.de	0.05128205128205128	0.05128205128205128	0.5199250063648213	0.4769324538537397	0.44706098871339306	0.43235582198212874	0.432334470984176
Riesterer@Haufe-Lexware_GmbH_&_Co._KG.de	 Riesterer@Hauf-Lexware_GmbH_&_Co_KG.de	0.05	0.05	0.5164730337534963	0.4750422690244236	0.4464251311634707	0.4323548068577802	0.4323343795847926
Rymkuß@Haufe-Lexware_GmbH_&_Co._KG.de	 Rymkuß@Hauf-Lexware_GmbH_&_Co_KG.de	0.05405405405405406	0.05405405405405406	0.5282209467588102	0.4813288287175918	0.4485279787601051	0.43235816180032244	0.43233468165565625
Banach@HDI-Gerling_Sach_Serviceholding_AG.de	 Banach@HDI-erling_Sach_Serviceholding_AGde	0.045454545454545456	0.045454545454545456	0.5861102192574348	0.5624001771125997	0.4960684538615973	0.432471844680763	0.43234492460842366
Wille@HDI-Gerling_Sach_Serviceholding_AG.de	 Wille@HDI-erling_Sach_Serviceholding_AGde	0.046511627906976744	0.046511627906976744	0.5914008917381337	0.5671619064780518	0.49842391879623643	0.4324770051244115	0.4323453895098253
Volkmer@Heidelberger_Lebensversicherung_AG.de	 Volkmer@Heidlberger_Lebensversicherung_AGde	0.044444444444444446	0.044444444444444446	0.5667595298143817	0.5163984435527281	0.46310724243984774	0.43238920255496127	0.4323374776943075
Panzer@Heidelberger_Lebensversicherung_AG.de	 Panzer@Heidlberger_Lebensversicherung_AGde	0.045454545454545456	0.045454545454545456	0.5718917132944568	0.5195330706959412	0.46424899741307657	0.43239131006061454	0.4323376674934101
Philipp@Heidelberger_Lebensversicherung_AG.de	 Philipp@Heidlberger_Lebensversicherung_AGde	0.044444444444444446	0.044444444444444446	0.5678525002040687	0.5165485561390982	0.4631210966643125	0.4323892179870172	0.43233747908319603
Brüwer@Hellmann_Worldwide_Logistics.de	 Brüwer@Hellann_Worldwide_Logisticsde	0.05263157894736842	0.05263157894736842	0.5340526683383844	0.5007313899703459	0.45415029027265935	0.432362714090379	0.432335091054589
Hinrichs@Hellmann_Worldwide_Logistics.de	 Hinrichs@Hellann_Worldwide_Logisticsde	0.05	0.05	0.5271557625150709	0.49505124009486196	0.4522777754648821	0.43236010197285385	0.4323348559067038
Ortner@Hewlett-Packard_Ges.m.b.H..de	 Ortner@Hewltt-Packard_Gesm.b.H..de	0.027777777777777776	0.05555555555555555	0.4900089849671257	0.47345171616746506	0.4489510817925446	0.4323567881209247	0.43233455772090085
Korpitsch@Hewlett-Packard_Ltd..de	 Korpitsch@Hewltt-Packard_Ltd.de	0.06060606060606061	0.06060606060606061	0.4938218844275234	0.46529664951311095	0.44656879831088464	0.43235696971263454	0.4323345745389853
Eitel@Hewlett-Packard_Ltd..de	 Eitel@Hewltt-Packard_Ltd.de	0.06896551724137931	0.06896551724137931	0.5070845261555638	0.4728873879561245	0.44990326848782874	0.43236274359338256	0.4323350944558974
Püst@HHLA_Hamburger_Hafen_und_Logistik_AG.de	 Püst@HHLAHamburger_Hafen_und_Logistik_AGde	0.045454545454545456	0.045454545454545456	0.582763152767866	0.542197189343897	0.4746952462771758	0.43240143139685466	0.4323385777972447
Kazakova-Frehse@HHLA_Hamburger_Hafen_und_Logistik_AG.de	 Kazakova-Frehse@HHLAHamburger_Hafen_und_Logistik_AGde	0.03636363636363636	0.03636363636363636	0.5379065946954712	0.5080008465293029	0.46141189256411785	0.43237975692771224	0.43233662620114244
Meyer@HHLA_Hamburger_Hafen_und_Logistik_AG.de	 Meyer@HHLAHamburger_Hafen_und_Logistik_AGde	0.044444444444444446	0.044444444444444446	0.577529453012039	0.5379102092842093	0.4730106626209728	0.43239867953922856	0.4323383300162934
Haug@HOTEL_RESERVATION_SERVICE.de	 Haug@HOTE_RESERVATION_SERVICEde	0.06060606060606061	0.06060606060606061	0.5535518633456482	0.5249522895889353	0.4604865254193954	0.43237051554164574	0.43233579325146176
Behrschmidt@HOTEL_RESERVATION_SERVICE.de	 Behrschmidt@HOTE_RESERVATION_SERVICEde	0.05	0.05	0.5238584553660488	0.5004203035349051	0.4529438572058809	0.43236028400796295	0.43233487221814715
Haelsig@HOTEL_RESERVATION_SERVICE.de	 Haelsig@HOTE_RESERVATION_SERVICEde	0.05555555555555555	0.05555555555555555	0.5391552687769581	0.5126152994725739	0.45667436249141813	0.43236534241395386	0.4323353275710619
Krüger@Hypoport_AG.de	 Krüger@Hypoort_AGde	0.09523809523809523	0.09523809523809523	0.4454480030579392	0.4341337094181348	0.4324986090752709	0.4323325435663644	0.43233237504835614
Mosch@UniCredit.de	 Mosch@UniCeditde	0.1111111111111111	0.1111111111111111	0.4822373204769798	0.44941911401423235	0.43436981066917	0.4323346934652582	0.4323325685458705
Rueffler@ib-bank-systems_GmbH.de	 Rueffler@ib-bnk-systems_GmbHde	0.0625	0.0625	0.4885236113855121	0.4587914503445959	0.43754615776693134	0.4323388940646993	0.43233294666794747
Thorenz@IDC_Central_Europe_GmbH.de	 Thorenz@IDC_entral_Europe_GmbHde	0.058823529411764705	0.058823529411764705	0.5009925660489788	0.4848418034936517	0.4457054029894229	0.43235030367576177	0.43233397379004035
Turk@Immobilien_Scout_GmbH.de	 Turk@Immoilien_Scout_GmbHde	0.06896551724137931	0.06896551724137931	0.5032844149485132	0.4838363706477678	0.4559925760928365	0.43237127563939515	0.43233586246011874
Saller@Infineon_Technologies_AG.de	 Saller@Infieon_Technologies_AGde	0.058823529411764705	0.058823529411764705	0.5346273753008745	0.4995324973678596	0.44924246097850923	0.43235529401185724	0.43233442304264197
Cornu@Immobilien_Scout_GmbH.de	 Cornu@Immoilien_Scout_GmbHde	0.06666666666666667	0.06666666666666667	0.49981982250580154	0.4805765844037212	0.4544312699790177	0.4323686990242447	0.4323356304630771
Koch@Immobilien_Scout_GmbH.de	 Koch@Immoilien_Scout_GmbHde	0.06896551724137931	0.06896551724137931	0.5038596625220327	0.4839153772721731	0.4559998677899232	0.43237128376152983	0.43233586319111267
Jähn@Immobilien_Scout_GmbH.de	 Jähn@Immoilien_Scout_GmbHde	0.06896551724137931	0.06896551724137931	0.5032844149485132	0.4838363706477678	0.4559925760928365	0.43237127563939515	0.43233586246011874
Wasik@Immobilien_Scout_GmbH.de	 Wasik@Immoilien_Scout_GmbHde	0.06666666666666667	0.06666666666666667	0.4987268521161144	0.4804264718173511	0.45441741575455297	0.43236868359218883	0.43233562907418854
Weiss@Immobilien_Scout_GmbH.de	 Weiss@Immoilien_Scout_GmbHde	0.06666666666666667	0.06666666666666667	0.49981982250580154	0.4805765844037212	0.4544312699790177	0.4323686990242447	0.4323356304630771
Paulutz@Informations_Technology_Engineering.de	 Paulutz@Infomations_Technology_Engineeringde	0.043478260869565216	0.043478260869565216	0.5596420213099933	0.5270549416164689	0.468448627809503	0.4324103752247862	0.4323393869083703
Amberg@ING-DiBa_AG.de	 Amberg@ING-iBa_AGde	0.09523809523809523	0.09523809523809523	0.44746579454659235	0.43441084034681804	0.432524186105052	0.43233257205631376	0.4323323776124581
Markovic@ING-DiBa_AG.de	 Markovic@ING-iBa_AGde	0.08695652173913043	0.08695652173913043	0.4439049860372044	0.4339217857667888	0.43247905017014415	0.4323325217799326	0.43233237308757233
Lingenfelder@ING-DiBa_AG.de	 Lingenfelder@ING-iBa_AGde	0.07407407407407407	0.07407407407407407	0.44638483482052815	0.43426237734930917	0.43251048412481213	0.4323325567938409	0.43233237623883203
Edler@InMediasP_GmbH.de	 Edler@InMeiasP_GmbHde	0.08695652173913043	0.08695652173913043	0.4654616085990072	0.4546230208838105	0.43942620151403744	0.43234190488326385	0.43233321773960404
Koch@InMediasP_GmbH.de	 Koch@InMeiasP_GmbHde	0.09090909090909091	0.09090909090909091	0.46663225876447717	0.45639658130001054	0.44004775901426973	0.4323427467518686	0.4323332935234788
Baumann@ins_Consulting_GmbH.de	 Baumann@ins_onsulting_GmbHde	0.06666666666666667	0.06666666666666667	0.4611191385883297	0.4472379090886572	0.43456917022304503	0.4323349926887575	0.4323325954834697
Beushausen@InterComponentWare_AG.de	 Beushausen@InteComponentWare_AGde	0.05714285714285714	0.05714285714285714	0.492857126028993	0.4645361665268473	0.44047015559103875	0.43234353938959647	0.4323333649061865
Barkowski@internetcrew.de	 Barkowski@intenetcrewde	0.08	0.08	0.4850760621912342	0.4505450934023483	0.4344526021096252	0.4323347811450272	0.4323325764366322
Wrba@Intland_Software.de	 Wrba@Intlnd_Softwarede	0.08333333333333333	0.08333333333333333	0.49065653180966146	0.4727589333200965	0.4442547890391368	0.4323481271203702	0.4323337778272237
Heller@ipcas_GmbH.de	 Heller@ipca_GmbHde	0.1	0.1	0.44462827526567383	0.4340211249783572	0.4324882184069223	0.4323325319923225	0.4323323740066897
Marschner@ISD_-_Industrie_Service_für.de	 Marschner@ISD__Industrie_Service_fürde	0.05	0.05	0.5350234999712263	0.5067913998791509	0.4539858628594663	0.4323677284914363	0.4323355432594403
Schmidt@ista_Deutschland_GmbH.de	 Schmidt@istaDeutschland_GmbHde	0.0625	0.0625	0.49077992780824864	0.47688178896326855	0.4519599283485402	0.4323647107588572	0.4323352713963833
Glöckner@IT_Management_Glöckner.de	 Glöckner@IT_Mnagement_Glöcknerde	0.058823529411764705	0.058823529411764705	0.5027732711489495	0.47128554904507713	0.4412081948647091	0.43234371069529914	0.4323333802416821
Simon@IVV_GmbH.de	 Simon@IVV_mbHde	0.11764705882352941	0.11764705882352941	0.44638483482052815	0.43426237734930917	0.43251048412481213	0.4323325567938409	0.43233237623883203
Hübener@Junghans_Wollversand_GmbH_&_Co._KG.de	 Hübener@Jungans_Wollversand_GmbH_&_Co_KG.de	0.044444444444444446	0.044444444444444446	0.5478328022998484	0.5200974578620624	0.47515256899639796	0.4324110579926738	0.43233944573961997
Wengenmayr@Kabel_Deutschland_GmbH.de	 Wengenmayr@Kabe_Deutschland_GmbHde	0.05555555555555555	0.05555555555555555	0.49216904530571304	0.4801943054564014	0.4514648859811723	0.4323626921077511	0.43233508952233934
Grunwald@Karl_Keppler_Maschinenbau_GmbH.de	 Grunwald@KarlKeppler_Maschinenbau_GmbHde	0.047619047619047616	0.047619047619047616	0.5224120985961935	0.49986329833181375	0.4530807402556047	0.43236105260904834	0.43233494147340223
Wendtlandt@KION_Information_Management_Services.de	 Wendtlandt@KIONInformation_Management_Servicesde	0.04	0.04	0.5565426544436257	0.5212653584590567	0.4676053624737834	0.4323956066011493	0.43233805413740456
Steinbruegge@KION_Information_Management_Services.de	 Steinbruegge@KIONInformation_Management_Servicesde	0.038461538461538464	0.038461538461538464	0.5498147978227582	0.5161134768825842	0.4655378144695536	0.43239189428756386	0.43233771982824487
den Haan@KLM.de	 den Haan@KLMde	0.06666666666666667	0.06666666666666667	0.20567715515021434	0.1979628640321659	0.19684802288930414	0.1967347964059588	0.19673468150731682
Schwarz@Kreditanstalt_für_Wiederaufbau.de	 Schwarz@Kredtanstalt_für_Wiederaufbaude	0.04878048780487805	0.04878048780487805	0.5590332631145981	0.5108005508857102	0.45751159223359217	0.4323698702414568	0.4323357355610613
Heßler@Kreditwerk_Schwäbisch_Hall_AG.de	 Heßler@Kredtwerk_Schwäbisch_Hall_AGde	0.05128205128205128	0.05128205128205128	0.5301826210411609	0.5118580680164091	0.46298153592196667	0.4323925219367152	0.4323377773673642
Weiner@Kreditwerk_Schwäbisch_Hall_AG.de	 Weiner@Kredtwerk_Schwäbisch_Hall_AGde	0.05128205128205128	0.05128205128205128	0.5301826210411609	0.5118580680164091	0.46298153592196667	0.4323925219367152	0.4323377773673642
Rattmann@Kühne_+_Nagel_(AG_&_Co.)_KG.de	 Rattmann@Kühn_+_Nagel_(AG_&_Co)_KG.de	0.05128205128205128	0.05128205128205128	0.5259790232801577	0.48661072708924125	0.4478862082748514	0.4323572370724647	0.4323345984497744
Gresch@Kühne_+_Nagel_(AG_&_Co.)_KG.de	 Gresch@Kühn_+_Nagel_(AG_&_Co)_KG.de	0.05405405405405406	0.05405405405405406	0.5344739484255069	0.4917218886163336	0.449362155266074	0.43235960048772737	0.432334811251043
Sachse@Kühne_+_Nagel_(AG_&_Co.)_KG.de	 Sachse@Kühn_+_Nagel_(AG_&_Co)_KG.de	0.05405405405405406	0.05405405405405406	0.5349916712416745	0.4917929945782984	0.44936871779345205	0.4323596077976486	0.4323348119089376
Fröhling@Kühne_+_Nagel_(AG_&_Co.)_KG.de	 Fröhling@Kühn_+_Nagel_(AG_&_Co)_KG.de	0.05128205128205128	0.05128205128205128	0.5255531906607991	0.4865522416659802	0.44788081052505996	0.4323572310599754	0.432334597908649
Finger@LABO_Berlin.de	 Finger@LABOBerlinde	0.09523809523809523	0.09523809523809523	0.46561553238489023	0.44869791179589963	0.43477015907510835	0.4323352275485385	0.43233261662194505
Zurth@LABO_Berlin.de	 Zurth@LABOBerlinde	0.1	0.1	0.46546153096039944	0.44965962062883025	0.4349361996030766	0.43233542530991154	0.4323326344217288
Bernd@LABO_Berlin.de	 Bernd@LABOBerlinde	0.1	0.1	0.46956016992172617	0.45022254282771806	0.43498815294481946	0.43233548318012116	0.43233263963006086
Kastl@Landesamt_für_Steuern_Bayern.de	 Kastl@Landsamt_für_Steuern_Bayernde	0.05405405405405406	0.05405405405405406	0.5611171903585432	0.525849049484456	0.4587189146575912	0.43237195413287666	0.4323359232802128
Gaeßler@Landesbank_Baden-Württemberg.de	 Gaeßler@Landsbank_Baden-Württembergde	0.05128205128205128	0.05128205128205128	0.5389174693475931	0.5080380948417779	0.45865283231124765	0.43237571885413917	0.432336262662087
Jahn@Landesbank_Berlin.de	 Jahn@Landsbank_Berlinde	0.08	0.08	0.5031402390829591	0.4845027619948587	0.4431158017854953	0.43234568298156645	0.4323335577276183
Beermann@Landwirtschaftliche_Rentenbank.de	 Beermann@Landirtschaftliche_Rentenbankde	0.047619047619047616	0.047619047619047616	0.5472733656521498	0.504949183722149	0.45278652573804734	0.432362271817671	0.4323350514541827
Schulz@Lighthouse_Technologies.de	 Schulz@Lighhouse_Technologiesde	0.06060606060606061	0.06060606060606061	0.5251914170263859	0.4917085207521078	0.45216924381451723	0.43236081266643955	0.43233491998802853
Wirnharter@Linde_AG.de	 Wirnharter@Lind_AGde	0.09090909090909091	0.09090909090909091	0.4610857838995296	0.4429224907242035	0.43364112608971456	0.43233386392528783	0.4323324938854203
Spring@Loyal_Team_-_Für_verlässliche_Software..de	 Spring@Loya_Team_-_Für_verlässliche_Software.de	0.04081632653061224	0.04081632653061224	0.557744741387519	0.5197470015607877	0.47195647485037573	0.43241752789505666	0.4323400311040601
Breuer@LUNAR_GmbH_-_GB_EITEG.de	 Breuer@LUNA_GmbH_-_GB_EITEGde	0.06451612903225806	0.06451612903225806	0.515050309380625	0.47240488115955553	0.43874201412826397	0.43234000573037423	0.4323330466936817
Hansen@LUNAR_GmbH_-_GB_EITEG.de	 Hansen@LUNA_GmbH_-_GB_EITEGde	0.06451612903225806	0.06451612903225806	0.5144073856219855	0.47231657963816137	0.4387338645844612	0.4323399966526943	0.43233304587668847
Gudd@Marquard_&_Bahls_AG.de	 Gudd@Marqard_&_Bahls_AGde	0.07407407407407407	0.07407407407407407	0.5052258752371777	0.48166664603343756	0.4457229680528463	0.43235068219084416	0.43233400789829085
Frikin@Marquard_&_Bahls_AG.de	 Frikin@Marqard_&_Bahls_AGde	0.06896551724137931	0.06896551724137931	0.4951919918639437	0.47537320258221977	0.44403745234206005	0.4323483786939032	0.4323338005368415
Büssow@Matrix42_AG.de	 Büssow@Matrx42_AGde	0.09523809523809523	0.09523809523809523	0.4426868147050454	0.4337544776209893	0.4324636089292546	0.43233250458011796	0.4323323715395851
Wilcken@MCM_Klosterfrau_Vertriebsges._mbH.de	 Wilcken@MCM_losterfrau_Vertriebsges_mbH.de	0.045454545454545456	0.045454545454545456	0.5527037916125269	0.5119958395694205	0.4568654813206244	0.43236980355601434	0.43233572970386736
Steppich@MCS_Labordatensysteme_GmbH_&_Co._KG.de	 Steppich@MCS_abordatensysteme_GmbH_&_Co_KG.de	0.0425531914893617	0.0425531914893617	0.5524640682096771	0.5079512193039352	0.468545310104239	0.4324197863979385	0.4323402352939917
Kölle@Medien-_und_Datentechnik.de	 Kölle@Medin-_und_Datentechnikde	0.06060606060606061	0.06060606060606061	0.5527396853792348	0.5026684288827138	0.45120233645249086	0.43235911097900115	0.43233476677256916
Hönicke@Mentaltec®_Ltd..de	 Hönicke@Mentltec®_Ltd.de	0.07692307692307693	0.07692307692307693	0.48202617547870796	0.46177304406478514	0.4386810556123759	0.43234034335384697	0.43233307712246716
Kirchner@Merck_KGaA.de	 Kirchner@Merc_KGaAde	0.09090909090909091	0.09090909090909091	0.44638483482052815	0.43426237734930917	0.43251048412481213	0.4323325567938409	0.43233237623883203
Roth@Merck_KGaA.de	 Roth@Merc_KGaAde	0.1111111111111111	0.1111111111111111	0.44638483482052815	0.43426237734930917	0.43251048412481213	0.4323325567938409	0.43233237623883203
Zeller@Messe_München_GmbH.de	 Zeller@Mess_München_GmbHde	0.07142857142857142	0.07142857142857142	0.5069546969560799	0.48287545310050867	0.44254014387992063	0.43234494369697224	0.4323334911821215
Morgenstern@Metro_AG.de	 Morgenstern@Metr_AGde	0.08695652173913043	0.08695652173913043	0.44746579454659235	0.43441084034681804	0.432524186105052	0.43233257205631376	0.4323323776124581
Wintergrün@Metro_AG.de	 Wintergrün@Metr_AGde	0.09090909090909091	0.09090909090909091	0.4454480030579392	0.4341337094181348	0.4324986090752709	0.4323325435663644	0.43233237504835614
Hamacher@Metro_AG.de	 Hamacher@Metr_AGde	0.1	0.1	0.44746579454659235	0.43441084034681804	0.432524186105052	0.43233257205631376	0.4323323776124581
Gianonatti@Metro_AG.de	 Gianonatti@Metr_AGde	0.09090909090909091	0.09090909090909091	0.44746579454659235	0.43441084034681804	0.432524186105052	0.43233257205631376	0.4323323776124581
Houben@Metro_AG.de	 Houben@Metr_AGde	0.1111111111111111	0.1111111111111111	0.4454480030579392	0.4341337094181348	0.4324986090752709	0.4323325435663644	0.43233237504835614
Hagen Drechsler@MGI_METRO_Group_Information.de	 Hagen Drechsler@MGI_ETRO_Group_Informationde	0.043478260869565216	0.043478260869565216	0.4897775272716569	0.47505008863228054	0.4415610887739536	0.4323439206871914	0.4323333991197003
Hilse@MGID_mbH.de	 Hilse@MGIDmbHde	0.11764705882352941	0.11764705882352941	0.4487269142270006	0.4345840471772451	0.4325401717486652	0.43233258986253215	0.43233237921502177
Burg@MGS_METRO_Group_Solutions.de	 Burg@MGS_ETRO_Group_Solutionsde	0.06060606060606061	0.06060606060606061	0.5153214435628803	0.4817623393637715	0.4394214341354573	0.43234065621502765	0.43233310522649643
Schiffer@Michael_Bailey_Associates_GMBH.de	 Schiffer@Michel_Bailey_Associates_GMBHde	0.047619047619047616	0.047619047619047616	0.5484495938303469	0.5268890578315419	0.4639507735566627	0.4323833328344416	0.4323369482483406
Müller@microTOOL_GmbH.de	 Müller@micrTOOL_GmbHde	0.08333333333333333	0.08333333333333333	0.44462827526567383	0.4340211249783572	0.4324882184069223	0.4323325319923225	0.4323323740066897
Seidler@microTOOL_GmbH.de	 Seidler@micrTOOL_GmbHde	0.08	0.08	0.44462827526567383	0.4340211249783572	0.4324882184069223	0.4323325319923225	0.4323323740066897
Leuschel@MID_GmbH.de	 Leuschel@MID_mbHde	0.1	0.1	0.44638483482052815	0.43426237734930917	0.43251048412481213	0.4323325567938409	0.43233237623883203
Förster@msg_systems_ag.de	 Förster@msg_ystems_agde	0.08	0.08	0.4836092149536398	0.454765105289059	0.4358498564304832	0.43233654951714523	0.43233273561114066
Kobras@Nash_Technologies_GmbH.de	 Kobras@NashTechnologies_GmbHde	0.0625	0.0625	0.4957097731466775	0.4799952751063682	0.4482351978281888	0.43235489384811365	0.43233438711139477
Arnold@Nash_Technologies_GmbH.de	 Arnold@NashTechnologies_GmbHde	0.0625	0.0625	0.4962850207201971	0.48007428173077354	0.4482424895252755	0.43235490197024834	0.43233438784238876
Bernhardt@nc_software_AG.de	 Bernhardt@nc_sftware_AGde	0.07407407407407407	0.07407407407407407	0.45952474443364344	0.443123156227614	0.433680357257853	0.4323339106070949	0.4323324980870723
Track@ncc_solutions_GmbH.de	 Track@ncc_olutions_GmbHde	0.07407407407407407	0.07407407407407407	0.4806241791455932	0.4629748943681838	0.4381143370820977	0.4323394409261872	0.43233299587530355
Barthel@Nemetschek_CREM_Solutions.de	 Barthel@Nemeschek_CREM_Solutionsde	0.05555555555555555	0.05555555555555555	0.5121219407431592	0.4917790827688887	0.4657340264879894	0.4323995828754585	0.43233841279024066
Pak@Nemetschek_CREM_Solutions.de	 Pak@Nemeschek_CREM_Solutionsde	0.0625	0.0625	0.5319605481826203	0.5083575413825743	0.4752398600761993	0.43241874810269865	0.4323401388618565
Tutass@NETRADA_Management_GmbH.de	 Tutass@NETRDA_Management_GmbHde	0.06060606060606061	0.06060606060606061	0.5136111684205148	0.48190983777078067	0.4445682019761451	0.4323484030232754	0.4323338026546904
Steinbach@Citrix_Online_Germany_GmbH.de	 Steinbach@Citrx_Online_Germany_GmbHde	0.05128205128205128	0.05128205128205128	0.5330995290234795	0.5020802054874699	0.448552365104384	0.43235344241906476	0.4323342562665582
Werner@No_Limit_IT_-_Services_Kiel_GbR.de	 Werner@No_Lmit_IT_-_Services_Kiel_GbRde	0.04878048780487805	0.04878048780487805	0.5404712881112783	0.49799643910169283	0.4468938276682255	0.43235143290429884	0.43233407539668534
Wagner@Telefonica_Global_Service_GmbH.de	 Wagner@Teleonica_Global_Service_GmbHde	0.05	0.05	0.5611414562649195	0.535040098297155	0.4699179470849804	0.4323914627254336	0.43233767986232163
Wocheslander-Burgmair@Telefonica_Global_Service_GmbH.de	 Wocheslander-Burgmair@Teleonica_Global_Service_GmbHde	0.03636363636363636	0.03636363636363636	0.5131791435322552	0.49489358395393407	0.4551180795570994	0.4323681727750005	0.43233558294191377
Heynck@OBI_Smart_Technologies_GmbH.de	 Heynck@OBI_mart_Technologies_GmbHde	0.05405405405405406	0.05405405405405406	0.506778935128061	0.4919100043624697	0.45909650214376146	0.43238001630142153	0.4323366500504336
Schütz@Osram_Opto_Semiconductors_GmbH.de	 Schütz@Osra_Opto_Semiconductors_GmbHde	0.05	0.05	0.5553293729719132	0.5331972283243249	0.47420403293860297	0.43240259205872034	0.43233868248268775
Greiner@Otto_(GmbH_&_Co_KG).de	 Greiner@Otto(GmbH_&_Co_KG)de	0.06666666666666667	0.06666666666666667	0.4906004960344216	0.46316749231598425	0.4403424513587154	0.432343123080454	0.43233332740237584
Noedler@Otto_(GmbH_&_Co_KG).de	 Noedler@Otto(GmbH_&_Co_KG)de	0.06666666666666667	0.06666666666666667	0.4906004960344216	0.46316749231598425	0.4403424513587154	0.432343123080454	0.43233332740237584
Malessa@Otto_(GmbH_&_Co_KG).de	 Malessa@Otto(GmbH_&_Co_KG)de	0.06666666666666667	0.06666666666666667	0.4906004960344216	0.46316749231598425	0.4403424513587154	0.432343123080454	0.43233332740237584
Berning@Otto_(GmbH_&_Co_KG).de	 Berning@Otto(GmbH_&_Co_KG)de	0.06666666666666667	0.06666666666666667	0.4906004960344216	0.46316749231598425	0.4403424513587154	0.432343123080454	0.43233332740237584
Heuer@P3_communications_GmbH.de	 Heuer@P3_cmmunications_GmbHde	0.06451612903225806	0.06451612903225806	0.5044955135799993	0.48441289662597153	0.44894147202589507	0.43235592785772575	0.43233448020068777
El-Tahwagi@P3_communications_GmbH.de	 El-Tahwagi@P3_cmmunications_GmbHde	0.05555555555555555	0.05555555555555555	0.48876164086717444	0.4722116189116597	0.44500527350751906	0.43235033652018173	0.43233397684551556
Schmidt@P3_communications_GmbH.de	 Schmidt@P3_cmmunications_GmbHde	0.06060606060606061	0.06060606060606061	0.49808807843048675	0.47884738870272	0.44711643170615994	0.4323533317690326	0.4323342464898049
Dienes@parcIT_GmbH.de	 Dienes@parcT_GmbHde	0.09523809523809523	0.09523809523809523	0.4439049860372044	0.4339217857667888	0.43247905017014415	0.4323325217799326	0.43233237308757233
Schmidt@parcIT_GmbH.de	 Schmidt@parcT_GmbHde	0.09090909090909091	0.09090909090909091	0.44462827526567383	0.4340211249783572	0.4324882184069223	0.4323325319923225	0.4323323740066897
Herhold@Parexel_GmbH.de	 Herhold@Pareel_GmbHde	0.08695652173913043	0.08695652173913043	0.4633051459146732	0.45081712854998246	0.4363788851780947	0.43233740401588433	0.4323328125429968
Herdt@PASS_Consulting_Group.de	 Herdt@PASSConsulting_Groupde	0.06666666666666667	0.06666666666666667	0.5099286668343455	0.4960746344878973	0.45410292062975116	0.43236278229565406	0.432335097204274
Zeilinger@Apollo_-_Optik_Holding_GmbH_&_Co._KG.de	 Zeilinger@Apolo_-_Optik_Holding_GmbH_&_Co_KG.de	0.04081632653061224	0.04081632653061224	0.5491707822638071	0.5166047415050562	0.46441629979862153	0.4323834668152449	0.4323369600715355
Kiesewetter@PHOENIX_TESTLAB_GmbH.de	 Kiesewetter@PHOEIX_TESTLAB_GmbHde	0.05714285714285714	0.05714285714285714	0.4662357380699582	0.44853395964694603	0.4355708034619925	0.4323363644347272	0.4323327189666878
Fischer@Plath_GmbH.de	 Fischer@Plat_GmbHde	0.09523809523809523	0.09523809523809523	0.44326206227856496	0.4338334842453946	0.43247090062634136	0.43233251270225265	0.4323323722705791
Ruder@Polarion_Software_GmbH.de	 Ruder@Polaion_Software_GmbHde	0.06451612903225806	0.06451612903225806	0.5081821924781127	0.4873807482955495	0.4470519857099277	0.4323518385292529	0.4323341119208843
Ziemann@Porsche_AG.de	 Ziemann@Porshe_AGde	0.09523809523809523	0.09523809523809523	0.4617561384902776	0.44443763772201755	0.4338519725560971	0.43233410901097524	0.43233251594414374
Vetter@Porsche_AG.de	 Vetter@Porshe_AGde	0.1	0.1	0.4646723210843257	0.44545847306222736	0.4339771408755279	0.4323342528921027	0.4323325288938946
Töwe@PPI_AG_Informationstechnologie.de	 Töwe@PPI_G_Informationstechnologiede	0.05263157894736842	0.05263157894736842	0.5441558834367618	0.5135541608685841	0.45350518811012686	0.43236091966266843	0.4323349294429717
Sniadach@ppi_Media_GmbH.de	 Sniadach@ppi_edia_GmbHde	0.07692307692307693	0.07692307692307693	0.4766980030575814	0.46418312308759146	0.44109733799557804	0.4323438261279004	0.43233339065585247
Herzfeld@Procter_&_Gamble_Service_GmbH.de	 Herzfeld@Procer_&_Gamble_Service_GmbHde	0.04878048780487805	0.04878048780487805	0.5438528290276247	0.5185021654926739	0.4650484377068964	0.43238252043682773	0.43233687458520526
Leber@Procter_&_Gamble_Service_GmbH.de	 Leber@Procer_&_Gamble_Service_GmbHde	0.05263157894736842	0.05263157894736842	0.5587349846609232	0.5302079321391355	0.46950559933321967	0.4323893561257178	0.43233749001791566
Frenzel@PROLOGA_GmbH.de	 Frenzel@PROLGA_GmbHde	0.08695652173913043	0.08695652173913043	0.4593454274079792	0.43748004642898863	0.4328326452896664	0.43233291860092027	0.43233240880182233
Roof@PSIPENTA_Software_Systems_GmbH.de	 Roof@PSIPNTA_Software_Systems_GmbHde	0.05263157894736842	0.05263157894736842	0.552971568003425	0.5219833152707287	0.45354326094649566	0.4323593449275594	0.43233478751437837
Andre@PTV_Planung_Transport_Verkehr_AG.de	 Andre@PTV_lanung_Transport_Verkehr_AGde	0.04878048780487805	0.04878048780487805	0.553341611436928	0.5107269892858005	0.4481021519996527	0.4323520206642186	0.4323341282017355
Hagemeyer@Pumacy_Technologies_AG.de	 Hagemeyer@Pumay_Technologies_AGde	0.05714285714285714	0.05714285714285714	0.49708321877645634	0.47574181001397825	0.4447879586369069	0.43234985342221266	0.43233393334151327
Fieber@qme_Software_GmbH.de	 Fieber@qme_oftware_GmbHde	0.07407407407407407	0.07407407407407407	0.46249283121644996	0.4504616518754597	0.4356387811761246	0.43233635847150903	0.4323327184213098
Pinell@Rechenzentrum_der_Finanzverwaltung_NRW.de	 Pinell@Rechnzentrum_der_Finanzverwaltung_NRWde	0.041666666666666664	0.041666666666666664	0.580594521140082	0.548800099875456	0.4900775668791517	0.43245034825571477	0.4323429858376327
Bründer@RIB_Information_Technologies_AG.de	 Bründer@RIB_nformation_Technologies_AGde	0.047619047619047616	0.047619047619047616	0.5375492982559793	0.5153021608558417	0.45687738377397136	0.432366641853413	0.4323354446687077
Wenzel@RightNow_Technologies.de	 Wenzel@RighNow_Technologiesde	0.06451612903225806	0.06451612903225806	0.4948133306782645	0.4676563029351536	0.44054053879803484	0.4323427632649594	0.4323332949498498
Robbin@Robbin_&_Wallusch_GmbH.de	 Robbin@Robbn_&_Wallusch_GmbHde	0.0625	0.0625	0.46539358089366706	0.45077462216416925	0.43710435446410373	0.43233851473508494	0.43233291253982187
Weiss@Roche_Diagnostics_GmbH.de	 Weiss@Roch_Diagnostics_GmbHde	0.06451612903225806	0.06451612903225806	0.5097435787490946	0.48811565394249373	0.45688355364354644	0.432377851969826	0.432336455351854
Eickel@ROHDE_&_SCHWARZ_GmbH_&_Co._KG.de	 Eickel@ROHD_&_SCHWARZ_GmbH_&_Co_KG.de	0.05128205128205128	0.05128205128205128	0.5389410538371812	0.5018337319259423	0.4575275993169238	0.4323706138985355	0.43233580258089266
Wernsdorf@ROHDE_&_SCHWARZ_SIT_GmbH.de	 Wernsdorf@ROHD_&_SCHWARZ_SIT_GmbHde	0.05405405405405406	0.05405405405405406	0.496480180303875	0.4750655045874328	0.44491146770873735	0.4323499857154796	0.43233394524642216
Kopp@RWE_Supply_&_Trading_GmbH.de	 Kopp@RWE_upply_&_Trading_GmbHde	0.06060606060606061	0.06060606060606061	0.48362656362558243	0.46850262578039714	0.44130031748799436	0.43234378688763375	0.4323333870938947
Hofmeier@SAG_Deutschland_GmbH.de	 Hofmeier@SAG_eutschland_GmbHde	0.0625	0.0625	0.473419033659922	0.46103718516792347	0.44484533749651806	0.43235418630644196	0.4323343239065966
Jank@Samhammer_AG.de	 Jank@Samhmmer_AGde	0.1	0.1	0.46721809051525376	0.44990087299978215	0.4349584653209664	0.43233545011142993	0.4323326366538711
Bergen@Sanofi~Aventis_Deutschland_GmbH.de	 Bergen@Sanoi~Aventis_Deutschland_GmbHde	0.04878048780487805	0.04878048780487805	0.5412747496507712	0.5222355334919305	0.46280710248216694	0.4323792016710951	0.43233657584069907
Anton@Sanofi~Aventis_Deutschland_GmbH.de	 Anton@Sanoi~Aventis_Deutschland_GmbHde	0.05	0.05	0.5469637352313165	0.5269611231900208	0.46441046819800325	0.4323816664744858	0.4323367977552651
Adlon@SAP_AG.de	 Adlon@SAP_Gde	0.13333333333333333	0.13333333333333333	0.4487269142270006	0.4345840471772451	0.4325401717486652	0.43233258986253215	0.43233237921502177
Helfen@SAP_AG.de	 Helfen@SAP_Gde	0.125	0.125	0.44746579454659235	0.43441084034681804	0.432524186105052	0.43233257205631376	0.4323323776124581
Schwittay@SAP_AG.de	 Schwittay@SAP_Gde	0.10526315789473684	0.10526315789473684	0.4454480030579392	0.4341337094181348	0.4324986090752709	0.4323325435663644	0.43233237504835614
Scheer@SAP_UK.de	 Scheer@SAP_Kde	0.125	0.125	0.44746579454659235	0.43441084034681804	0.432524186105052	0.43233257205631376	0.4323323776124581
Vogel@Sartorius_Mechatronics_AG.de	 Vogel@Sartrius_Mechatronics_AGde	0.058823529411764705	0.058823529411764705	0.5399090369269496	0.529991214235757	0.4781364516980631	0.4324035407334794	0.4323387671407004
Gowasch@Schering_GmbH_und_Co._Produktions_KG.de	 Gowasch@Scheing_GmbH_und_Co_Produktions_KG.de	0.0425531914893617	0.0425531914893617	0.5742165313505136	0.5412801758312051	0.48425203263825	0.4324419093444917	0.43234222657717336
Bielefeld@Schindler_Aufzüge_und_Fahrtreppen_GmbH.de	 Bielefeld@Schidler_Aufzüge_und_Fahrtreppen_GmbHde	0.0392156862745098	0.0392156862745098	0.5516667187651974	0.528132496798209	0.4749345141002105	0.43240351266836685	0.4323387652805475
Lippert@Schmitt_Stumpf_Frühauf_und_Partner.de	 Lippert@Schmtt_Stumpf_Frühauf_und_Partnerde	0.044444444444444446	0.044444444444444446	0.5638633872649373	0.5222725435777698	0.4607680472587619	0.4323797484394582	0.4323366257772172
von Komorowski@Schüco_International_KG.de	 von Komorowski@Schüo_International_KGde	0.04878048780487805	0.04878048780487805	0.5059774787176511	0.48130221201028617	0.44919578615391526	0.4323579378973912	0.43233466133332576
Hirche@SCREEN_-_TRAINING_-_BERATUNG.de	 Hirche@SCREN_-_TRAINING_-_BERATUNGde	0.05263157894736842	0.05263157894736842	0.54964375964847	0.525000218609374	0.47193912293206214	0.43239421781740417	0.4323379278754101
Wachter@SEW-EURODRIVE_GmbH_&_Co_KG.de	 Wachter@SEW-URODRIVE_GmbH_&_Co_KGde	0.05405405405405406	0.05405405405405406	0.5086756764298477	0.4726639599806556	0.4420804299411654	0.4323452013658822	0.43233351446129786
Baumann@SEW-EURODRIVE_GmbH_&_Co_KG.de	 Baumann@SEW-URODRIVE_GmbH_&_Co_KGde	0.05405405405405406	0.05405405405405406	0.5086756764298477	0.4726639599806556	0.4420804299411654	0.4323452013658822	0.43233351446129786
Wolff@SEW-EURODRIVE_GmbH_&_Co_KG.de	 Wolff@SEW-URODRIVE_GmbH_&_Co_KGde	0.05714285714285714	0.05714285714285714	0.5166051861994503	0.4772643608877708	0.4432139262722067	0.43234669745081317	0.43233364913376504
Goetz@Siemens_AG.de	 Goetz@Siemns_AGde	0.10526315789473684	0.10526315789473684	0.4672181678365703	0.4522762256152131	0.43594235472041065	0.4323367230438687	0.43233275123545706
Zimmermann@Siemens_AG.de	 Zimmermann@Siemns_AGde	0.08333333333333333	0.08333333333333333	0.46217167667556325	0.4471264979462796	0.4349466829960627	0.43233551293868633	0.4323326423159581
Landowsky@softventure_IT_Solutions_GbR.de	 Landowsky@softenture_IT_Solutions_GbRde	0.04878048780487805	0.04878048780487805	0.5271788693935353	0.5026800422707672	0.46257055908494676	0.43238487528429465	0.4323370874279146
Karamelski@Software_AG.de	 Karamelski@Softare_AGde	0.08	0.08	0.45860593511620584	0.4425818991416831	0.4336096921350466	0.43233382891137945	0.4323324907341606
Hildebrandt@Software_AG.de	 Hildebrandt@Softare_AGde	0.07692307692307693	0.07692307692307693	0.4571462919642885	0.44201248021057254	0.4335387291487492	0.43233374721528584	0.43233248338124575
Stelzer@Software_AG.de	 Stelzer@Softare_AGde	0.09090909090909091	0.09090909090909091	0.46329915551101236	0.4446495613733636	0.4338715314612238	0.43233413079740707	0.43233251790492755
Heller@Software_Process_Consulting.de	 Heller@Softare_Process_Consultingde	0.05405405405405406	0.05405405405405406	0.5295259427923107	0.49971549860781617	0.4494896278782083	0.4323572110653956	0.43233459581341127
Birk@Software.Process.Management.de	 Birk@SoftareProcess.Management.de	0.02857142857142857	0.05714285714285714	0.5408478744515012	0.503218611220614	0.44979542349094903	0.43235555521603325	0.43233444649972946
Bleil@Sony_Europe_GmbH.de	 Bleil@SonyEurope_GmbHde	0.08	0.08	0.48172360015433496	0.4670898195055249	0.4388066617259078	0.43234020424076547	0.4323330645720406
Ginz@STADA_Arzneimittel_AG.de	 Ginz@STAD_Arzneimittel_AGde	0.06896551724137931	0.06896551724137931	0.5158440505177685	0.48720291117366527	0.4511967962006459	0.43236031165076777	0.4323348749698212
Rosenberg@Star_Alliance_Services_GmbH.de	 Rosenberg@StarAlliance_Services_GmbHde	0.05	0.05	0.51729908920602	0.4944985346996371	0.44781144609030915	0.4323522476315468	0.43233414868655956
Götz@Steuerbevollmächtigter.de	 Götz@Steurbevollmächtigterde	0.06666666666666667	0.06666666666666667	0.5139502504871616	0.4742685060647823	0.4519570347887737	0.4323655529746759	0.4323353473047245
Büchner@STQS_-_Softwaretest_und.de	 Büchner@STQS-_Softwaretest_undde	0.058823529411764705	0.058823529411764705	0.5003099410724693	0.46906046387800004	0.44292208674836914	0.43234742331085146	0.43233371459511166
Zechmeister@STRATEC_Biomedical_Systems_AG.de	 Zechmeister@STRAEC_Biomedical_Systems_AGde	0.045454545454545456	0.045454545454545456	0.5225723699608552	0.5014866997046594	0.45724806272309	0.4323702120856167	0.43233576642034477
Stangenberg@Stryker_Leibinger_GmbH_&_Co._KG.de	 Stangenberg@Stryer_Leibinger_GmbH_&_Co_KG.de	0.043478260869565216	0.043478260869565216	0.5322594684927745	0.49555835680998117	0.4526519394395226	0.4323632253155423	0.4323351374268116
Aschenbrenner-Scheibe@Stryker_Leibinger_GmbH_&_Co._KG.de	 Aschenbrenner-Scheibe@Stryer_Leibinger_GmbH_&_Co_KG.de	0.03571428571428571	0.03571428571428571	0.5086134326720848	0.47961799469017036	0.44746684154552174	0.4323553386212366	0.4323344273625172
Max@studiVZ_Ltd..de	 Max@studVZ_Ltd.de	0.10526315789473684	0.10526315789473684	0.45528473656512336	0.4354847226954657	0.43262329709545383	0.4323326824548675	0.432332387548353
Fassel@Systemtechnik_GmbH_&_Co._KG.de	 Fassel@Systmtechnik_GmbH_&_Co_KG.de	0.05405405405405406	0.05405405405405406	0.5290397763569537	0.48644080163011916	0.4541065138857647	0.43237481767329805	0.4323361825101165
Battiato@Systemtechnik_GmbH_&_Co._KG.de	 Battiato@Systmtechnik_GmbH_&_Co_KG.de	0.05128205128205128	0.05128205128205128	0.5220859968408366	0.48177426301797277	0.452150340755308	0.43237098368633575	0.4323358371974614
Görig@tapcon_GmbH.de	 Görig@tapcn_GmbHde	0.1	0.1	0.44326206227856496	0.4338334842453946	0.43247090062634136	0.43233251270225265	0.4323323722705791
Schäfer@Tech_Data_GmbH_&_Co._OHG.de	 Schäfer@TechData_GmbH_&_Co_OHG.de	0.05714285714285714	0.05714285714285714	0.5223075798442932	0.47921034174457666	0.4431705104932453	0.43234686131162114	0.43233366391097683
Matthaei@TecDoc_Informations_System_GmbH.de	 Matthaei@TecDc_Informations_System_GmbHde	0.046511627906976744	0.046511627906976744	0.5453279423265651	0.5153707461745093	0.45595353292894725	0.4323651346766315	0.43233530896835215
Wollschläger@TecDoc_Informations_System_GmbH.de	 Wollschläger@TecDc_Informations_System_GmbHde	0.0425531914893617	0.0425531914893617	0.5292529527780988	0.5035173538874791	0.4525799316984796	0.4323604532981236	0.43233488754141325
